"site_name","country","date_commissioned","source","lightscore_mean_1000","lightscore_max_1000"
"site 265","Kenya",2019-07-21,"cbil",0.493844633564657,0.970755577087402
"Merile-I","Kenya",2014-10-27,"cbil",0.718734105644019,0.93239951133728
"Nadwat solar mini grid","Kenya",2019-03-29,"cbil",0.0415364563949916,0.087841659784317
"Dirako + Rukada","Kenya",2018-02-28,"cbil",0.730180412796991,0.901863932609558
"Mukhwayo","Kenya",2018-02-28,"cbil",0.709642960670147,0.908669471740723
"Entesopia-I","Kenya",2014-09-03,"cbil",0.201546722894357,0.24981427192688
"Entesopia-II","Kenya",2014-12-02,"cbil",0.204323298904727,0.24981427192688
"Longech solar mini grid","Kenya",2019-09-13,"cbil",0.0882631437492001,0.12873063981533
"Ileret solar mini grid","Kenya",2019-11-27,"cbil",0.131157016922389,0.257090628147125
"Lolupe solar mini grid","Kenya",2019-09-13,"cbil",0.00601184050930609,0.0552222058176994
"Namagumba","Kenya",2018-02-28,"cbil",0.777910174249293,0.955089151859283
"Mufumu","Kenya",2018-02-28,"cbil",0.925024247122189,1
"Makhurisi","Kenya",2018-02-28,"cbil",0.614448438042944,0.826063692569733
"Opiroi-I","Kenya",2014-10-02,"cbil",0.0519862248495753,0.143381252884865
"Buyende","Kenya",2018-02-28,"cbil",0.6159901965049,0.970616400241852
"Kataboi","Kenya",2018-03-31,"cbil",0.0790352605143997,0.164618700742722
"Kataboi Solar Minigrid","Kenya",2019-02-28,"cbil",0.0754939009395479,0.164618700742722
"Enkoireroi-I","Kenya",2014-09-17,"cbil",0.0539147572330477,0.199109941720963
"Olturoto-I","Kenya",2014-08-19,"cbil",0.11075261009462,0.178225308656693
"Namba Koloo","Kenya",2014-11-23,"cbil",0.187136579090528,0.355435818433762
"Marti-I","Kenya",2015-03-23,"cbil",0.926771923251774,0.999982595443726
"MBB (Mudoriko, Bwiri A & Bwiri B)","Kenya",2018-02-28,"cbil",1,1
"Phase 4: Mufumu","Kenya",2018-07-01,"cbil",0.920523955866143,1
"Phase 3 - Sidonge","Kenya",2010-12-31,"cbil",0.649890230277951,0.930624425411224
"264","Kenya",2018-06-11,"cbil",0.929604867797586,1
"site 235A","Kenya",2018-06-11,"cbil",0.89878765637962,0.978555142879486
"Merti","Kenya",2008-01-01,"cluber",0.677609530566301,0.998062252998352
"Hola","Kenya",2008-01-01,"cluber",0.999999100429624,1
"Naivasha","Kenya",2017-01-01,"cluber",1,1
"Mfangano","Kenya",2011-01-01,"cluber",0.0677465267353139,0.320170521736145
"Oloika","Kenya",2016-01-01,"cluber",0.072170827537775,0.0922279059886932
"Shampole","Kenya",2016-01-01,"cluber",0.100099424521128,0.120418906211853
"Thima / Mukengeria","Kenya",2001-01-01,"cluber",0.997795008613678,1
"Faza","Kenya",2014-01-01,"cluber",0.996189680695534,1
"Mpeketoni","Kenya",2008-01-01,"cluber",0.999578408400218,1
"Kitonyoni","Kenya",2016-01-01,"cluber",0.199649514597759,0.294137120246887
"Eldas","Kenya",2012-01-01,"cluber",0.880648306751436,0.953671216964722
"Elwak","Kenya",2009-01-01,"cluber",0.995221322356928,1
"Mandera","Kenya",2000-01-01,"cluber",1,1
"Rhamu","Kenya",2012-01-01,"cluber",0.846753471681302,0.995053768157959
"Takaba","Kenya",2012-01-01,"cluber",0.155928692329795,0.191150635480881
"Laisamis","Kenya",2014-01-01,"cluber",0.797521477901243,0.999998986721039
"Marsabit","Kenya",2000-01-01,"cluber",0.999999522451308,1
"North Horr","Kenya",2014-01-01,"cluber",0.559369441030061,0.719846665859222
"Mujwa","Kenya",2002-01-01,"cluber",0.972383614848642,0.999994218349457
"Baragoi","Kenya",2009-01-01,"cluber",0.955754793848765,1
"Lodwar","Kenya",2001-01-01,"cluber",1,1
"Lokichoggio","Kenya",2012-01-01,"cluber",0.992410104294292,1
"Lokitaung","Kenya",2014-01-01,"cluber",0.855884185467643,1
"Lokori","Kenya",2014-01-01,"cluber",0.766199588453447,0.980504095554352
"Habaswein","Kenya",2008-01-01,"cluber",0.716000206836741,0.946941792964935
"Kerugoya/ Kathamba","Kenya",2001-01-01,"cluber",0.999999902257517,1
"South Iment","Kenya",2009-01-01,"cluber",0.103748848452233,0.242971524596214
"Tenwek","Kenya",2002-01-01,"cluber",0.999420799569386,1
"Tungu-Kabiru / Tungu","Kenya",2000-01-01,"cluber",0.236764697958865,0.437245279550552
"Leege-Imorun Clustter Minigrid Project","Nigeria",2016-12-31,"cbil",0.280911573011315,0.469440579414368
"Adebayo Community","Nigeria",2019-12-31,"cbil",0.196949105082374,0.256947189569473
"Kilanwa 1","Nigeria",2019-10-26,"cbil",0.494684079166655,0.649830222129822
"Tungan Jika Project","Nigeria",2018-01-01,"cbil",0.801946394593903,0.91767030954361
"Yebu","Nigeria",2018-03-31,"cbil",0.0646324510983477,0.127712577581406
"GVE ANGWA RINA PLATEAU","Nigeria",2017-08-02,"cbil",0.288242003002775,0.372392177581787
"GVE DEMSHIN PLATEAU STATE","Nigeria",2017-08-01,"cbil",0.216099345319989,0.32755970954895
"Kilanwa  2","Nigeria",2019-10-24,"cbil",0.388803278716902,0.479808509349823
"Sample Project","Nigeria",2018-03-05,"cbil",1,1
"Electrification of OLOOJI Community","Nigeria",2019-08-24,"cbil",0.0458813541707523,0.0512803569436073
"Mokoloki","Nigeria",2018-10-15,"cbil",0.966606331565393,0.999960362911224
"Gbamugbamu Solar hybrid Mini grid","Nigeria",2018-02-08,"cbil",0.272360254011371,0.360724657773972
"Gbagira","Nigeria",2019-04-08,"cbil",0.99999998664856,1
"Budo-Aare","Nigeria",2018-06-19,"cbil",0.121741376316814,0.140246003866196
"Kigbe","Nigeria",2017-07-04,"cbil",0.00643647575730478,0.129920825362206
"001 Rokota","Nigeria",2019-09-11,"cbil",0.562597954911845,0.721260786056519
"Rokota","Nigeria",2019-12-29,"pg",0.562597954911845,0.721260786056519
"Saranda","Tanzania",2017-02-28,"cbil",0.588080919277313,0.840201914310455
"Nyantakara","Tanzania",2018-01-01,"cbil",0.294630481678054,0.405313223600388
"Mwenge","Tanzania",2018-08-29,"cbil",0.387833253891279,0.499013423919678
"Mgambo","Tanzania",2018-08-28,"cbil",0.73626892293772,0.932623565196991
"Kalenge","Tanzania",2017-08-01,"cbil",0.121554087563757,0.214451059699059
"Kiegei","Tanzania",2019-08-31,"cbil",0.232365037284551,0.36139115691185
"Yozu Island","Tanzania",2018-09-14,"cbil",0.457756018829207,0.56187379360199
"Londoni","Tanzania",2016-10-31,"cbil",0.333423521047233,0.582803070545197
"Mavota","Tanzania",2018-01-01,"cbil",0.124355074649846,0.242559731006622
"Leshata","Tanzania",2017-04-30,"cbil",0.592089180704914,0.70928305387497
"Mbaya","Tanzania",2017-12-13,"cbil",0.0275832072309241,0.19097051024437
"Kasalazi Island","Tanzania",2018-05-14,"cbil",0.845586572953483,0.952458024024963
"Iglansoni","Tanzania",2018-09-06,"cbil",0.297037641568055,0.477084398269653
"Ziragula Island","Tanzania",2018-06-06,"cbil",0.487019835130588,0.585336267948151
"Kitaitaso","Tanzania",2017-02-28,"cbil",0.380372184810909,0.476919025182724
"Ziragula Island","Tanzania",2018-06-06,"cbil",0.487019835130588,0.585336267948151
"Kalenge","Tanzania",2017-08-01,"cbil",0.121554087563757,0.214451059699059
"Nyantakara","Tanzania",2018-01-01,"cbil",0.294630481678054,0.405313223600388
"Bugarama","Tanzania",2017-05-31,"cbil",0.0857032228494063,0.261831969022751
"Murusagamba","Tanzania",2017-05-31,"cbil",0.192279957544655,0.306589990854263
"Malambo","Tanzania",2015-08-05,"cbil",0.119871134617749,0.312263935804367
"Komolo/Temeke","Tanzania",2014-11-30,"cbil",0.238002460014469,0.367963433265686
"Soitsambu","Tanzania",2015-10-27,"cbil",0.0924870023617939,0.145805895328522
"Kwamtoro","Tanzania",2016-03-01,"cbil",0.363822507852387,0.454652637243271
"Ololosokwan","Tanzania",2015-10-01,"cbil",0.125993612131714,0.213779360055923
"Malambo","Tanzania",2015-08-05,"cbil",0.119871134617749,0.312263935804367
"Digodigo","Tanzania",2015-09-01,"cbil",0.441671010041446,0.812214910984039
"Changombe","Tanzania",2017-03-31,"cbil",0.343957555142713,0.559111535549164
"Murusagamba","Tanzania",2017-05-31,"cbil",0.192279957544655,0.306589990854263
"Raranya","Tanzania",2016-06-26,"cbil",0.306226196294201,0.411454975605011
"Nakopi","Tanzania",2017-12-13,"cbil",0.00274587316438556,0.0356824845075607
"Nemba","Tanzania",2017-11-01,"cbil",0.283316040390063,0.6208935379982
"Barikiwa","Tanzania",2017-11-12,"cbil",0.189010130785406,0.318342715501785
"Kitaitaso","Tanzania",2017-02-28,"cbil",0.380372184810909,0.476919025182724
"Ighombwe","Tanzania",2016-10-31,"cbil",0.170016942970081,0.240002349019051
"Bugarama","Tanzania",2017-05-31,"cbil",0.0857032228494063,0.261831969022751
"Soitsambu","Tanzania",2015-01-01,"cluber",0.108086090262343,0.145805895328522
"Chang'ombe","Tanzania",2017-01-01,"cluber",1,1
"Dongo","Tanzania",2017-01-01,"cluber",0.0847158301621675,0.320395231246948
"Temeke","Tanzania",2015-01-01,"cluber",0.260283237726418,0.367963433265686
"Loliondo","Tanzania",2012-01-01,"cluber",0.816236753546529,0.99998277425766
"Ngombeni","Tanzania",2014-01-01,"cluber",0.230603170493301,0.580334424972534
"Somanga / Kilwa","Tanzania",2008-01-01,"cluber",0.743942619860172,0.992234587669373
"Leganga / Chitego","Tanzania",2015-01-01,"cluber",0.116997739240368,0.184280499815941
"Lobilo / Lenjulu","Tanzania",2015-01-01,"cluber",0.227548205692853,0.298065751791
"Ngutoto / Chitego","Tanzania",2015-01-01,"cluber",0.104486015314857,0.135074362158775
"Silale / Makawa","Tanzania",2015-01-01,"cluber",0.594791436711634,0.865162134170532
"Runzewe","Tanzania",2013-01-01,"cluber",0.999956111989769,1
"Uyovu","Tanzania",2014-01-01,"cluber",0.577025956120984,0.998491823673248
"Bomalang'ombe","Tanzania",2001-01-01,"cluber",0.999998897202572,1
"Mawengi","Tanzania",2014-01-01,"cluber",0.000289376902704438,0.00326825678348541
"Biharamulo","Tanzania",2013-01-01,"cluber",0.995347599769886,1
"Runazi","Tanzania",2014-01-01,"cluber",0.043215223924672,0.175678193569183
"Ngara","Tanzania",2013-01-01,"cluber",0.99560705485282,1
"Ilela","Tanzania",2015-01-01,"cluber",0.188500536797936,0.233332335948944
"Ilunde","Tanzania",2015-01-01,"cluber",0.199488107154857,0.345011591911316
"Nsenkwa","Tanzania",2015-01-01,"cluber",0.415133177320204,0.562012791633606
"Kasulu","Tanzania",2012-01-01,"cluber",1,1
"Kibondo","Tanzania",2012-01-01,"cluber",0.999999999913554,1
"Matadi","Tanzania",2013-01-01,"cluber",0.792568074805396,0.974876821041107
"Kijungu","Tanzania",2014-01-01,"cluber",0.336448741918903,0.43738728761673
"Kongwa","Tanzania",2016-01-01,"cluber",0.0779782091784808,0.187788471579552
"Ludewa","Tanzania",2012-01-01,"cluber",0.90882286554811,1
"Mavanga","Tanzania",2002-01-01,"cluber",0.112885393202305,0.112885393202305
"Kipengele","Tanzania",2012-01-01,"cluber",0.79678828829957,0.98309588432312
"Mahanje (East)","Tanzania",2014-01-01,"cluber",0.0192670203660699,0.122032448649406
"Mbangomao","Tanzania",2015-01-01,"cluber",0.0330197940651408,0.170147940516472
"Mbinga","Tanzania",2011-01-01,"cluber",0.99999469785867,1
"Namtumbo","Tanzania",2011-01-01,"cluber",0.839219108191627,0.999992251396179
"Chipole Mission","Tanzania",2006-01-01,"cluber",0.0363171629607677,0.0978908985853195
"Chipole Mission","Tanzania",2016-01-01,"cluber",0.599666448596578,0.737663567066193
"Chipole Mission","Tanzania",2014-01-01,"cluber",0.0363171629607677,0.0978908985853195
"Tunduru","Tanzania",2010-01-01,"cluber",0.999999995385969,1
"Lumeme","Tanzania",2014-01-01,"cluber",0.0204523055591678,0.121559955179691
"LUNDOMATO MISSION","Tanzania",2014-01-01,"cluber",0.0221342199395612,0.0801416486501694
"Chambo","Tanzania",2013-01-01,"cluber",0.560984852447172,0.740451693534851
"Segese","Tanzania",2014-01-01,"cluber",0.990286827621494,1
"Ulowa No. 5","Tanzania",2013-01-01,"cluber",0.324215418547195,0.602723836898804
"Lyabukande","Tanzania",2014-01-01,"cluber",0.221670713162196,0.397510170936584
"Mwakitolyo","Tanzania",2014-01-01,"cluber",0.890829577165491,1
"Kona Nne","Tanzania",2014-01-01,"cluber",0.447681966601167,0.622395932674408
"Loya","Tanzania",2015-01-01,"cluber",0.563560640970408,0.923161506652832
"Lutende","Tanzania",2015-01-01,"cluber",0.0829600314041827,0.178813099861145
"Tura","Tanzania",2015-01-01,"cluber",0.986965834290536,1
"Kinko","Tanzania",2006-01-01,"cluber",0.177189937058617,0.328088998794556
"Mlola Lwandai","Tanzania",2013-01-01,"cluber",0.759979734999862,0.964982569217682
"Mnazi","Tanzania",2013-01-01,"cluber",0.914713737239008,0.99017059803009
"Kimbo","Tanzania",2013-01-01,"cluber",0.137948449520231,0.231063097715378
"Mashewa","Tanzania",2013-01-01,"cluber",0.4402249340052,0.656710743904114
"Isenzanya","Tanzania",2017-01-01,"cluber",0.170817313569601,0.36893293261528
"Digo Digo","Tanzania",2015-01-01,"cluber",0.0732465436061223,0.177064582705498
"Biharamulo","Tanzania",2004-01-01,"cluber",0.92877486312509,1
"Bwisya, Ukara Island","Tanzania",2016-01-01,"cluber",0.379085262191941,0.624122858047485
"Itaswi","Tanzania",2016-01-01,"cluber",0.372151877739096,0.454652637243271
"Kalumbaleza Power Project","Tanzania",2015-01-01,"cluber",0.00336387537017062,0.0375467166304588
"Kasulu","Tanzania",2010-01-01,"cluber",0.999999999640123,1
"Kigoma","Tanzania",2013-01-01,"cluber",0.107691332697868,0.14419986307621
"Kigoma","Tanzania",2010-01-01,"cluber",1,1
"Komolo","Tanzania",2014-01-01,"cluber",0.238152491068935,0.367963433265686
"Kwa Mtoro","Tanzania",2016-01-01,"cluber",0.454826148708682,0.756895959377289
"Liwale","Tanzania",2012-01-01,"cluber",0.968970757602845,1
"Ludewa","Tanzania",2008-01-01,"cluber",0.0149911360815167,0.0546167455613613
"MAFIA ISLAND","Tanzania",2014-01-01,"cluber",0.0412369853050526,0.187281727790833
"Mafia Solar Project","Tanzania",2015-01-01,"cluber",0.0486472699867219,0.205617219209671
"Makete / Lyamanji hydropower","Tanzania",2014-01-01,"cluber",0.0887311258183051,0.217528492212296
"Malambo","Tanzania",2016-01-01,"cluber",0.0688211023807526,0.141119971871376
"Mbinga","Tanzania",2015-01-01,"cluber",0.940819892264152,1
"Mpanda Solar Project","Tanzania",2015-01-01,"cluber",0.999994007563438,1
"Nantumbo","Tanzania",2012-01-01,"cluber",0.723306881282776,0.999992251396179
"Ngombei, Mafia Island","Tanzania",2014-01-01,"cluber",0.0330853374262985,0.137617871165276
"Songea","Tanzania",2015-01-01,"cluber",0.999977671780679,1
"Sumbawanga","Tanzania",2013-01-01,"cluber",0.999929890770843,1
"Sumbawanga","Tanzania",2010-01-01,"cluber",0.999929890770843,1
"Sumbawanga Solar Project","Tanzania",2015-01-01,"cluber",0.999929890770843,1
"Uzia Hydro Power Projecft","Tanzania",2015-01-01,"cluber",0.0504354224540293,0.146146595478058
"Ngwerere","Zambia",2018-06-30,"cbil",0.992759814403622,1
"Kamuchanga","Zambia",2019-08-06,"cbil",0.995450337727865,1
"Nyimba","Zambia",2019-08-06,"cbil",0.992759814403622,1
"Kapiri Mposhi","Zambia",2019-08-06,"cbil",0.984507675699102,1
"Kakolo","Zambia",2019-08-06,"cbil",0.906894812481009,0.999242305755615
"Zambia Compound Kitwe","Zambia",2019-08-06,"cbil",0.99999720254107,1
"Sinda Village","Zambia",2017-01-01,"cluber",0.997670660474574,1
"Zengamina Hydro Project","Zambia",2008-01-01,"cluber",0.125714725063693,0.228040531277657
"Batkanu","Sierra Leone",2019-11-20,"cbil",0.103540107115571,0.200356587767601
"Rokonta","Sierra Leone",2019-09-16,"cbil",0.0953724101185799,0.277838170528412
"Barmoi Munu","Sierra Leone",2019-12-25,"cbil",0.00523386139876062,0.0829301998019218
"Conakry Dee","Sierra Leone",2019-09-22,"cbil",0.173626036235437,0.240996837615967
"Bandajuma Sowa","Sierra Leone",2019-10-25,"pg",0.601274155043796,0.791930437088013
"Bumpeh","Sierra Leone",2019-07-07,"pg",0.0667819930851616,0.0981390327215195
"Dia","Sierra Leone",2019-10-20,"pg",0.0426623312480472,0.32230469584465
"Futa Pejeh","Sierra Leone",2019-10-27,"pg",0.0788481578603387,0.200506940484047
"Gandorhun","Sierra Leone",2019-10-27,"pg",0.126258017422838,0.294307202100754
"Gbap","Sierra Leone",2019-11-10,"pg",0.091371754805247,0.100777670741081
"Kainkordu","Sierra Leone",2019-11-03,"pg",0.00102203178473494,0.0388289168477058
"Kaordu","Sierra Leone",2019-11-10,"pg",0.000174842675489078,0.0011028537992388
"Kombayendeh","Sierra Leone",2019-11-03,"pg",0.208127862971681,0.389274030923843
"Koribondo","Sierra Leone",2019-10-27,"pg",0.305880669733774,1
"Madina","Sierra Leone",2019-10-27,"pg",0.00807424450758845,0.156041413545609
"Sahn","Sierra Leone",2019-07-04,"pg",0.652845033862796,0.995934844017029
"Tikonko","Sierra Leone",2019-10-27,"pg",0.188950120058446,0.989180088043213
"Tombodu","Sierra Leone",2019-11-10,"pg",0.0587714626059974,0.162631437182426
"Idjwi Island - Bugarula","DR Congo",2019-12-28,"cbil",0.229847735257536,0.445728808641434
"Tshela","DR Congo",2011-01-01,"cluber",0.127524938583374,0.176436305046082
"Mpozo","DR Congo",2011-01-01,"cluber",1,1
"Zongo","DR Congo",2011-01-01,"cluber",0.996723442464261,0.999999284744263
"Buta","DR Congo",2011-01-01,"cluber",0.114631595590566,0.299355745315552
"Moanda","DR Congo",2011-01-01,"cluber",1,1
"Karawa","DR Congo",2011-01-01,"cluber",0.0251945758525708,0.164234504103661
"Bumba","DR Congo",2011-01-01,"cluber",0.616693245497212,0.998857140541077
"LIBENGE","DR Congo",2011-01-01,"cluber",0.161677747737339,0.464490205049515
"BASANKUSU","DR Congo",2011-01-01,"cluber",0.152357693295926,0.286886245012283
"MBANDAKA","DR Congo",2011-01-01,"cluber",0.895073894161826,0.999916255474091
"KAMINA","DR Congo",2011-01-01,"cluber",0.999976379188984,1
"Tshikapa","DR Congo",2011-01-01,"cluber",0.999998869008469,1
"Tskikaji","DR Congo",2011-01-01,"cluber",0.338600658528183,0.62235414981842
"Lungudi / Tshikapa","DR Congo",2011-01-01,"cluber",0.99883257305335,1
"MWEKA","DR Congo",2011-01-01,"cluber",0.120559906339153,0.408986479043961
"Lubilanji 1","DR Congo",2011-01-01,"cluber",0.992294259165558,1
"Mwene-Ditu","DR Congo",2011-01-01,"cluber",0.344107490858881,0.630480706691742
"MBUJIMAYI","DR Congo",2011-01-01,"cluber",0.999977273082733,1
"KASENGA","DR Congo",2011-01-01,"cluber",0.0397366341203451,0.0430708192288876
"KABALO","DR Congo",2011-01-01,"cluber",0.0724077274401983,0.12737837433815
"KONGOLO","DR Congo",2011-01-01,"cluber",0.0995815330806827,0.395828813314438
"Kanyama 2","DR Congo",2011-01-01,"cluber",0.0494500414654613,0.208346948027611
"Dikolongo","DR Congo",2011-01-01,"cluber",0.207628683610396,0.32905325293541
"Kabalo 1","DR Congo",2011-01-01,"cluber",0.0802455425262451,0.12737837433815
"kilubi","DR Congo",2011-01-01,"cluber",0.0365034705471425,0.127848967909813
"Mitwaba","DR Congo",2011-01-01,"cluber",0.0825665059421107,0.512017786502838
"Moba","DR Congo",2011-01-01,"cluber",0.963538907657685,1
"Sakanya","DR Congo",2011-01-01,"cluber",1,1
"KABINDA","DR Congo",2011-01-01,"cluber",0.225358039490368,0.414194405078888
"Ambwe","DR Congo",2011-01-01,"cluber",0.0625190953998005,0.260340213775635
"Balia","DR Congo",2011-01-01,"cluber",0.02685249083616,0.180184587836266
"KASONGO","DR Congo",2011-01-01,"cluber",0.218340973607341,0.353854566812515
"KINDU","DR Congo",2011-01-01,"cluber",0.999665748204037,1
"Kunda","DR Congo",2011-01-01,"cluber",0.257716979260647,0.471005618572235
"Nzoro","DR Congo",2011-01-01,"cluber",0.982904583215714,1
"Solenyama 1 & 2","DR Congo",2011-01-01,"cluber",0.0287199016996898,0.175864040851593
"Bagbugbuzi (riv. Yame)","DR Congo",2017-01-01,"cluber",0.143739804625511,0.143739804625511
"LUSAMBO","DR Congo",2011-01-01,"cluber",0.123839423554966,0.284191995859146
"Ruzizi 2","DR Congo",2011-01-01,"cluber",1,1
"GEMENA","DR Congo",2011-01-01,"cluber",0.622695730670528,0.974168658256531
"LISALA","DR Congo",2011-01-01,"cluber",0.287599800676178,0.572757184505463
"Bailundo","Angola",2013-01-01,"cluber",0.652156764377467,1
"Wako Kungo","Angola",2013-01-01,"cluber",1,1
"Cunene","Angola",2013-01-01,"cluber",0.999997411543482,1
"Soyo","Angola",2013-01-01,"cluber",1,1
"Uige","Angola",2013-01-01,"cluber",1,1
"Bayomen","Cameroon",2017-01-01,"cluber",0.545159825378922,0.731557607650757
"Bambouti / Ngoura","Cameroon",2015-01-01,"cluber",0.0258939911921819,0.0388409867882729
"Nkah","Cameroon",2014-01-01,"cluber",0.0449004809682568,0.161253973841667
"Tcholliré","Cameroon",2016-01-01,"cluber",0.236375376582146,0.290342211723328
"Tchouadeng","Cameroon",2013-01-01,"cluber",0.137736274332453,0.259074687957764
"Mvomeka’a","Cameroon",2015-01-01,"cluber",0.999929398991341,1
"Bambélé","Cameroon",2006-01-01,"cluber",0.0306584002036187,0.152234360575676
"Békili","Cameroon",2006-01-01,"cluber",0.826459573073821,0.916681945323944
"Falls 210 / Mbonge","Cameroon",2006-01-01,"cluber",0.327947050333023,0.327947050333023
"Nganha","Cameroon",2010-01-01,"cluber",0.231496779229749,0.590731203556061
"Bamunkumbit","Cameroon",2010-01-01,"cluber",0.0613617816590704,0.228870362043381
"Bellah","Cameroon",2006-01-01,"cluber",0.12188047170639,0.12188047170639
"Leku Migira","Ethiopia",2016-01-01,"cluber",0.0341550761023941,0.117742650210857
"Hagara Sodicha","Ethiopia",2012-01-01,"cluber",0.129839577742554,0.263398230075836
"Beshiro Gute","Ethiopia",2012-01-01,"cluber",0.130626035244944,0.356098860502243
"Gobecho I","Ethiopia",2012-01-01,"cluber",0.121093556935352,0.199632614850998
"Gobecho II","Ethiopia",2012-01-01,"cluber",0.121093556935352,0.199632614850998
"Pediatorkope","Ghana",2016-01-01,"cluber",0.999978855343684,1
"Aglakope","Ghana",2016-01-01,"cluber",0.0140527283603495,0.0386450029909611
"Bong","Liberia",2016-01-01,"cluber",0.0403675885560612,0.151877298951149
"Lofa","Liberia",2017-01-01,"cluber",0.0300719929330143,0.147500157356262
"Lofa","Liberia",2017-01-01,"cluber",0,0
"Lofa","Liberia",2017-01-01,"cluber",0.0259131002933421,0.147500157356262
"Lofa","Liberia",2013-01-01,"cluber",0.0259131002933421,0.147500157356262
"Nimba","Liberia",2016-01-01,"cluber",0,0
"Andriatsiazo","Madagascar",2010-01-01,"cluber",0.143737392726346,0.261024117469788
"Ambohidreny","Madagascar",2012-01-01,"cluber",0.0880075368014249,0.149665549397469
"Andranofeno sud","Madagascar",2007-01-01,"cluber",0.020008560270071,0.020008560270071
"Andriatsemboka","Madagascar",2010-01-01,"cluber",0.223674070957319,0.339789062738419
"Ankadinandriana","Madagascar",2011-01-01,"cluber",1,1
"Ambaravaranala","Madagascar",2010-01-01,"cluber",0.180351489300237,0.236994743347168
"Belobaka","Madagascar",2017-01-01,"cluber",0.324954456782767,0.562131881713867
"Antoby est","Madagascar",2015-01-01,"cluber",0.0981500339472578,0.139819428324699
"Ankaranana","Madagascar",2011-01-01,"cluber",0.0321812786262583,0.0930829644203186
"Ankazomiriotra","Madagascar",2005-01-01,"cluber",0.102928444743156,0.159056425094604
"Mandoto","Madagascar",2007-01-01,"cluber",0.222652951350151,0.310850471258163
"Ivovona","Madagascar",2010-01-01,"cluber",0.33074552977263,0.371001601219177
"Sahasifotra","Madagascar",2007-01-01,"cluber",0.572389416396618,0.955799341201782
"Fandriana","Madagascar",2014-01-01,"cluber",0.352621129760933,0.659008622169495
"Soavina - Ilaka centre","Madagascar",2015-01-01,"cluber",0.0359050801822117,0.112855613231659
"Ambohimahamasina","Madagascar",2005-01-01,"cluber",0.148845273179886,0.217222556471825
"Tolongoina","Madagascar",2016-01-01,"cluber",0.125084890328024,0.3050537109375
"Antanimbary","Madagascar",2005-01-01,"cluber",0.253063274060099,0.401304811239243
"Mahazoma","Madagascar",2006-01-01,"cluber",0.131981182591178,0.230580598115921
"Ambondromamy","Madagascar",2009-01-01,"cluber",0.846692647505722,1
"Andranofasika","Madagascar",2005-01-01,"cluber",0.190777944462312,0.403270959854126
"Andranomamy","Madagascar",2009-01-01,"cluber",0.304143437097982,0.348382920026779
"Anjijia","Madagascar",2009-01-01,"cluber",0.0916466765840804,0.228022441267967
"Ankazomborona","Madagascar",2005-01-01,"cluber",0.455544180021836,0.705475509166718
"Madirovalo","Madagascar",2006-01-01,"cluber",0.100531696263006,0.221316874027252
"Manerinerina","Madagascar",2009-01-01,"cluber",0.331571964961627,0.455057710409164
"Tsaramandroso","Madagascar",2006-01-01,"cluber",0.0967033203304201,0.188454553484917
"Besakoa Mahajamba","Madagascar",2005-01-01,"cluber",0.510331592063734,1
"Marosakoa","Madagascar",2006-01-01,"cluber",0.00605737575667673,0.046086173504591
"Katsepy","Madagascar",2005-01-01,"cluber",0.21585898058213,0.303272277116776
"Imerimandroso","Madagascar",2012-01-01,"cluber",0.587343624265046,0.859965085983276
"Manakambahiny ouest","Madagascar",2004-01-01,"cluber",0.100735928863287,0.185928151011467
"Tanambe","Madagascar",2001-01-01,"cluber",0.117530215992814,0.166704222559929
"Anosibe an'Ala","Madagascar",2008-01-01,"cluber",0.154966430211405,0.20700241625309
"Foulepointe","Madagascar",2000-01-01,"cluber",0.905025942382889,1
"Tsaravinany","Madagascar",2009-01-01,"cluber",0.00604473426938057,0.0362684056162834
"Amboanaivo","Madagascar",2016-01-01,"cluber",0.0801150761544704,0.0885461196303368
"Beanantara","Madagascar",2016-01-01,"cluber",0.0645705572059078,0.165332525968552
"Maroalimainty","Madagascar",2016-01-01,"cluber",0.00657805490643821,0.0196285825222731
"Antanimora sud","Madagascar",2007-01-01,"cluber",0.186101007991685,0.306495428085327
"Ambondro","Madagascar",2010-01-01,"cluber",0.170045318714249,0.244040355086327
"Marovato","Madagascar",2016-01-01,"cluber",0.105249758809805,0.106819003820419
"Ifotaka","Madagascar",2015-01-01,"cluber",0.0786504958840934,0.113685071468353
"Tanandava","Madagascar",2016-01-01,"cluber",0.0180142410099506,0.0180142410099506
"Mahatalaky","Madagascar",2015-01-01,"cluber",0.322801173850894,0.916564881801605
"Fotadrevo","Madagascar",2006-01-01,"cluber",0.180145753359338,0.289086133241653
"Ejeda","Madagascar",2007-01-01,"cluber",0.269942187921121,0.444164991378784
"Ankililoaka","Madagascar",2008-01-01,"cluber",0.241983218025416,0.417616307735443
"Ankilizato","Madagascar",2015-01-01,"cluber",0.315674725093532,0.588334739208221
"Malaimbandy","Madagascar",2009-01-01,"cluber",0.0594100693316788,0.121009811758995
"Ambatolahy","Madagascar",2006-01-01,"cluber",0.00443025614367798,0.0771364644169807
"Guindinta / Commune de Diakon","Mali",2015-01-01,"cluber",0.0439660371751478,0.107721872627735
"Saourane","Mali",2014-01-01,"cluber",0.168416651045725,0.262571543455124
"Djédigui Kassé","Mali",2015-01-01,"cluber",0.156553328037262,0.192399337887764
"Doualé","Mali",2015-01-01,"cluber",0.0455901165896992,0.107721872627735
"Kandia","Mali",2015-01-01,"cluber",0.00730538015832772,0.031799890100956
"Kénéiba","Mali",2013-01-01,"cluber",0.266482741722176,0.795759737491608
"Kourounidifing","Mali",2015-01-01,"cluber",0.0839597724639533,0.122309476137161
"Madina","Mali",2015-01-01,"cluber",0.0600052356052942,0.144987434148788
"Sadiola","Mali",2013-01-01,"cluber",0.99119794453258,1
"Tigana","Mali",2014-01-01,"cluber",0.0970561866027613,0.123614147305489
"Bancoumana","Mali",2015-01-01,"cluber",0.857146641871798,0.994981586933136
"Kourémalé","Mali",2015-01-01,"cluber",0.998345087744496,1
"Ténéni","Mali",2015-01-01,"cluber",0.0948471715268881,0.122582487761974
"Kolondiéba","Mali",2011-01-01,"cluber",0.958226806696599,0.999994695186615
"Kébila","Mali",2014-01-01,"cluber",0.547478659747539,0.706597089767456
"Kignan","Mali",2012-01-01,"cluber",0.856650978639683,0.992365121841431
"Kimparana","Mali",2008-01-01,"cluber",0.979066505880639,1
"Koumantou","Mali",2012-01-01,"cluber",0.898669724095618,0.998344838619232
"Kouri","Mali",2012-01-01,"cluber",0.399580474632482,0.911349713802338
"M'pessoba","Mali",2012-01-01,"cluber",0.871530875562131,0.999312937259674
"Manankoro","Mali",2014-01-01,"cluber",0.639622237490512,0.857640326023102
"Niena","Mali",2012-01-01,"cluber",0.868321221019103,0.997810959815979
"Ourikela","Mali",2011-01-01,"cluber",0.30686816504756,0.786519229412079
"Yorosso","Mali",2012-01-01,"cluber",0.0487949333208449,0.083720900118351
"Zantiebougou","Mali",2014-01-01,"cluber",0.596643056165284,0.823939859867096
"WALY DIANTANG","Mauritania",2010-01-01,"cluber",0.151135751258071,0.410836100578308
"ARR","Mauritania",2009-01-01,"cluber",0.020512880624405,0.071457177400589
"BIR MOUGHREN","Mauritania",2005-01-01,"cluber",0.945059206375318,1
"Birette","Mauritania",2016-01-01,"cluber",0.999999998166011,1
"CHOUM","Mauritania",2010-01-01,"cluber",0.94135487631029,1
"DAFOR","Mauritania",2009-01-01,"cluber",0.0420099195778281,0.154169663786888
"Keur Macène","Mauritania",2000-01-01,"cluber",0.855731870986221,0.999811410903931
"Kiffa","Mauritania",2016-01-01,"cluber",0.027543612010777,0.0599565282464027
"LEXEIBA","Mauritania",2009-01-01,"cluber",0.852267391797973,1
"M’Ballal","Mauritania",2000-01-01,"cluber",0.0246236958049216,0.0658308416604996
"MAAL","Mauritania",2009-01-01,"cluber",0.00425428838521091,0.0324203297495842
"Magham Ibrahim","Mauritania",2000-01-01,"cluber",0.0583975992089593,0.19438025355339
"Mamghar","Mauritania",2013-01-01,"cluber",0.399612610538801,0.482807040214539
"MEDBOUGOU","Mauritania",2009-01-01,"cluber",0.246584272478982,0.406393051147461
"MONGUEL","Mauritania",2009-01-01,"cluber",0.00267744062981312,0.0115975886583328
"N’BEIKE","Mauritania",2009-01-01,"cluber",0.0696162215899676,0.118361122906208
"N’Diago-Ebden","Mauritania",2015-01-01,"cluber",0.0073458771524561,0.183190166950226
"N’Houkara","Mauritania",2000-01-01,"cluber",0.0453183217250349,0.12376680970192
"Nouelki pk40","Mauritania",2000-01-01,"cluber",0,0
"Nuamghar","Mauritania",2000-01-01,"cluber",0.450403407363608,0.579141795635223
"OUALATA","Mauritania",2005-01-01,"cluber",0.466724611451678,0.9457888007164
"RACHID","Mauritania",2005-01-01,"cluber",0,0
"TAGUILALET","Mauritania",2009-01-01,"cluber",0.0156302121193046,0.0931406542658806
"TAMCHEKET","Mauritania",2005-01-01,"cluber",0.999733477865261,1
"TECHTAYE","Mauritania",2010-01-01,"cluber",0.0332027914884843,0.081703320145607
"TICHITT","Mauritania",2005-01-01,"cluber",0.686959208530487,0.999998152256012
"TOUIL","Mauritania",2009-01-01,"cluber",0,0
"WOMPOU","Mauritania",2009-01-01,"cluber",0.0643260035377282,0.1749137789011
"Majaua","Mozambique",2013-01-01,"cluber",0.994974792003632,0.994974792003632
"Médina Gounas","Senegal",2006-01-01,"cluber",0.960510301924305,1
"Baout","Senegal",2007-01-01,"cluber",0.0494527870958502,0.0777115225791931
"Diamiadio","Senegal",2007-01-01,"cluber",0,0
"DIOGANE","Senegal",2012-01-01,"cluber",0.00728713985412352,0.0141188334673643
"Diaoulé","Senegal",2007-01-01,"cluber",0.658931556675169,0.949124455451965
"Ndiebel","Senegal",2007-01-01,"cluber",0.839627729686677,0.999890148639679
"Babadi","Senegal",2012-01-01,"cluber",0.124723650650897,0.153911486268044
"Bani","Senegal",2012-01-01,"cluber",0.201780021002021,0.26396980881691
"Dandone","Senegal",2012-01-01,"cluber",0,0
"Francounda Diola (Bajicounda)","Senegal",2012-01-01,"cluber",0,0
"Niomoune","Senegal",2016-01-01,"cluber",0.100267373598539,0.118059538304806
"Bossinkang","Senegal",2012-01-01,"cluber",0.153796626999974,0.217015698552132
"FALIA","Senegal",2012-01-01,"cluber",0.0981336778289155,0.235250100493431
"MOUNDE","Senegal",2012-01-01,"cluber",0.0876346587602581,0.108022883534431
"Dionewar-Niodor","Senegal",2008-01-01,"cluber",0.915840964207704,0.999983549118042
"Gababé","Senegal",2016-01-01,"cluber",0.534350216388702,0.534350216388702
"Ndellé","Senegal",2008-01-01,"cluber",0.725005910448406,0.911280035972595
"Vélingara","Senegal",2006-01-01,"cluber",1,1
"Assoukoko","Togo",2017-01-01,"cluber",0.964250705122242,0.999999761581421
"Yegue","Togo",2016-01-01,"cluber",0.238364219878401,0.432861924171448
"Sokode","Togo",2016-01-01,"cluber",0.999999998811868,1
"Djarikpanga","Togo",2016-01-01,"cluber",0.957051416238149,0.99325567483902
"Dimori","Togo",2016-01-01,"cluber",0.499046817221898,0.711178064346313
"Dimouri","Togo",2016-01-01,"cluber",0.304028373396043,0.636759519577026
"Kountoum","Togo",2017-01-01,"cluber",0.861442604751298,0.999912261962891
"Mandouri","Togo",2016-01-01,"cluber",0.55510420643765,0.868440508842468
"Kara","Togo",2016-01-01,"cluber",1,1
"Barkoissi","Togo",2016-01-01,"cluber",0.985710152932659,1
"Bavou / Canton d'Ountivou","Togo",2017-01-01,"cluber",0.172370752692223,0.21646086871624
"Kpimé","Togo",2016-01-01,"cluber",0.445391359536544,0.804202258586884
"Ahassome","Togo",2016-01-01,"cluber",0.159676806428112,0.386360824108124
"Djon","Togo",2016-01-01,"cluber",0.0826959272117718,0.115426518023014
"Saligbe","Togo",2016-01-01,"cluber",0.148147063567334,0.294159561395645
"Tado","Togo",2016-01-01,"cluber",0.164658726888384,0.370865821838379
"Kpékplémé","Togo",2016-01-01,"cluber",0.147291465392036,0.455649793148041
"Takpapiéni / Nganbi","Togo",2018-01-01,"cluber",0.288489937782288,0.288489937782288
"Fare","Togo",2016-01-01,"cluber",0.390428105169091,0.563834309577942
"Gando","Togo",2016-01-01,"cluber",0.938746968733853,1
"Mogou","Togo",2016-01-01,"cluber",0.549133475799606,0.762600779533386
"Takpamba","Togo",2016-01-01,"cluber",0.968052939935164,0.975238502025604
"Dapaong","Togo",2016-01-01,"cluber",1,1
"Sabiegou","Togo",2016-01-01,"cluber",0.909955398150068,0.999999821186066
"Kisiizi","Uganda",2009-01-01,"cluber",0.477265243405017,0.818784952163696
"Kabunyata / Kamira","Uganda",2013-01-01,"cluber",0.0546131200919097,0.13825312256813
"Mashaba","Zimbabwe",2016-01-01,"cluber",0.0661141639575362,0.0949939489364624
